{
  "last_1h_val": {
    "EDGEN": 0.002117,
    "DOGE": 0.09188,
    "SOL": 87.18,
    "BTC": 69177.93,
    "ETH": 2108.01,
    "HYPE": 39.106,
    "KAITO": 0.3476,
    "FHE": 0.01885,
    "MOODENG": 0.04897
  }
}